{"cameraMode":{"drawMode":0,"name":"Shaded","section":"Shading Mode"},"sceneLighting":true,"audioPlay":false,"sceneViewState":{"m_AlwaysRefresh":false,"showFog":true,"showSkybox":true,"showFlares":true,"showImageEffects":true,"showParticleSystems":true,"showVisualEffectGraphs":true,"m_FxEnabled":true},"in2DMode":false,"pivot":{"x":81.61842346191406,"y":-199.9537353515625,"z":467.0248107910156},"rotation":{"x":0.23931953310966493,"y":0.03348519280552864,"z":-0.008255352266132832,"w":0.9703390598297119},"size":299.9123229980469,"orthographic":false}